{"stats":{"minecraft:dropped":{"minecraft:stone":66,"minecraft:grass_block":1},"minecraft:mined":{"minecraft:grass_block":3,"minecraft:stone":90,"minecraft:sugar_cane":1},"minecraft:custom":{"minecraft:time_since_rest":1811,"minecraft:play_time":2602,"minecraft:sprint_one_cm":13826,"minecraft:damage_taken":7,"minecraft:walk_one_cm":5988,"minecraft:drop":3,"minecraft:aviate_one_cm":292573,"minecraft:jump":27,"minecraft:leave_game":1,"minecraft:time_since_death":2602,"minecraft:walk_on_water_one_cm":104,"minecraft:total_world_time":2602,"minecraft:sleep_in_bed":1,"minecraft:fly_one_cm":11524},"minecraft:picked_up":{"minecraft:stone":66,"minecraft:grass_block":1,"minecraft:sugar_cane":2},"minecraft:used":{"minecraft:diamond_pickaxe":90,"minecraft:firework_rocket":14,"minecraft:diamond_shovel":3,"minecraft:bucket":1,"minecraft:sugar_cane":2}},"DataVersion":3955}